id,sex,inr_avg,ing_avg,inb_avg,incolor,totalthroat,innnerthroat,outerthroat,inratio,outratio,totalratio,morph,outr_avg,outg_avg,outb_avg,outcolor,notes,site,sitetype,sex2,date,bltime,svl,mass,morph2,stage,clutch,f1,f2,f3,f4,f5,f6,f7,f8,l,w,trayid,mass.n,mass.c,C.N,ape.n,ape.c,d15N,d13C,paintid,blvol,oxy,droms,blbka,notes,maxrepro,totalcolor,incolorindex,outcolorindex,blotch.area,repro,avgrepro,blcort
(1/2)225,m,NA,NA,NA,NA,94.89,0,22.05,0,0.232374328,0.232374328,oo,214,167,129,1.281437126,check again,Browse,rural,m,5/4/16,12:09,54,4.9,yellow,NA,NA,NA,NA,NA,NA,NA,NA,NA,NA,0.8,0.4,,NA,NA,NA,NA,NA,NA,NA,24,38,344.3215339,26.70012892,29.58257713,missing 2000 toe; could be a rapture if 1005 or 2005,NA,NA,NA,0.297773091,1.0048,NA,NA,18.734
(1/2)225,m,NA,NA,NA,NA,94.89,0,22.05,0,0.232374328,0.232374328,oo,214,167,129,1.281437126,check again,Browse,rural,m,5/4/16,12:09,54,4.9,yellow,NA,NA,NA,NA,NA,NA,NA,NA,NA,NA,0.8,0.4,,NA,NA,NA,NA,NA,NA,NA,24,38,344.3215339,26.70012892,29.58257713,missing 2000 toe; could be a rapture if 1005 or 2005,NA,NA,NA,0.297773091,1.0048,NA,NA,14.913
(1/4/5)120,m,151,152,142,0.934210526,98.31,5.14,15.56,0.052283593,0.158274845,0.210558438,ob,208,167,124,1.245508982,,Bluff,urban,m,5/1/16,11:58,50,4,orange,NA,NA,NA,NA,NA,NA,NA,NA,NA,NA,0.5,0.3,,NA,NA,NA,NA,NA,NA,NA,2,41,351.5486726,5.753674259,61.88747731,regrown tail; 4/5000 natural toe loss; 1120,NA,0.245976624,0.048843883,0.197132741,0.471,NA,NA,NA
(2/3)114,m,155,164,160,0.975609756,111.39,70.26,7.82,0.6307568,0.070203788,0.700960589,ob,214,181,148,1.182320442,,Browse,rural,m,5/2/16,11:01,52,4.8,orange,NA,NA,NA,NA,NA,NA,NA,NA,NA,NA,0.8,0.4,,NA,NA,NA,NA,NA,NA,NA,7,36,353.6135693,16.22690159,24.13793103,regrown tail tip; recapture,NA,0.698375861,0.615372488,0.083003374,1.0048,NA,NA,8.023
(4/5)201,m,132,162,191,1.179012346,114.8,60.9,2.28,0.530487805,0.019860627,0.550348432,ob,204,196,192,1.040816327,,BigHollow,rural,m,5/9/16,12:13,54,4.2,orange,NA,NA,NA,NA,NA,NA,NA,NA,NA,NA,0.6,0.4,H5,71.88654923,277.2694268,3.857041822,0.367138123,1.086346317,2.28745223,-22.13528296,13,38,285.4719764,13.85062312,11.99278629,missing tail,NA,0.646122936,0.625451671,0.020671265,0.7536,NA,NA,30.166
(4/5)230,m,126,140,124,0.885714286,81.65,25.82,24.03,0.316227802,0.29430496,0.610532762,yb,194,195,160,0.994871795,,Manowar,urban,m,5/10/16,10:17,47,4,yellow,NA,NA,NA,NA,NA,NA,NA,NA,NA,NA,0.4,0.3,H10,NA,NA,NA,NA,NA,NA,NA,40,42,339.159292,5.709669102,27.86293959,natural toe loss on 4000; 5000; scar on middle of back; isotope data lost due to software freeze,NA,0.572883186,0.280087482,0.292795704,0.3768,NA,NA,11.551
1(1/5)32,f,0,0,0,NA,80.62,0,24.06,0,0.298437112,0.298437112,oo,203,166,137,1.222891566,,Browse,rural,f,5/2/16,9:55,49,3.9,orange,late,5,0.42,0.48,0.5,0.51,0.56,NA,NA,NA,NA,NA,,NA,NA,NA,NA,NA,NA,NA,1,29,344.3215339,47.51456811,34.66424682,bite marks; regrown tail; possibly healed broken back; 500 natural toe loss,0.48,NA,NA,0.364956227,NA,2.47,0.494,36.776
1(2/3/4)00,f,0,0,0,NA,72.42,0,19.09,0,0.263601215,0.263601215,oo,228,212,188,1.075471698,oy?,Manowar,urban,f,5/5/16,12:08,46,3,orange,late,4,0.79,0.79,0.8,0.87,NA,NA,NA,NA,NA,NA,NA,NA,NA,NA,NA,NA,NA,NA,8,38,336.0619469,5.665663945,38.55799373,natural loss of toess 200; 300; 400; 30 toe is malformed ew; 1300,0.79,NA,NA,0.283495646,NA,3.25,0.8125,32.455
1045,m,221,230,219,0.952173913,126.32,2.99,29.29,0.023670044,0.231871438,0.255541482,yb,233,209,202,1.114832536,,Manowar,urban,m,5/5/16,12:55,55,4.7,yellow,NA,NA,NA,NA,NA,NA,NA,NA,NA,NA,0.9,0.4,C3,35.27637063,115.1863979,3.265256483,0.371658213,1.087021087,14.6732479,-21.47554367,15,68,345.3539823,16.9309841,28.84012539,bite marks; natural loss on 40 toe; tail completely regrown ,NA,0.281035822,0.022537998,0.258497823,1.1304,NA,NA,24.834
1100,m,118,144,171,1.1875,104.69,70.47,4.47,0.673130194,0.042697488,0.715827682,ob,201,181,164,1.110497238,,BigHollow,rural,m,5/9/16,9:56,51,3.9,orange,NA,NA,NA,NA,NA,NA,NA,NA,NA,NA,1.1,0.4,NA,NA,NA,NA,NA,NA,NA,NA,1,41,340.1917404,4.785560808,24.25608656,regrowing tail; 8 mites; natural loss 100 toes; bite mark,NA,0.846757548,0.799342105,0.047415442,1.3816,NA,NA,18.828
1101,f,0,0,0,NA,81.03,0,8.49,0,0.104776009,0.104776009,oo,209,184,146,1.135869565,,Manowar,urban,f,5/6/16,10:37,49,3.5,orange,mid/late,4,0.55,0.55,0.55,0.56,NA,NA,NA,NA,NA,NA,D11,156.7899335,513.832611,3.277204088,0.36882963,1.088159755,6.922283639,-20.61111643,25,NA,330.899705,37.52539751,43.26018809,,0.55,NA,NA,0.11901188,NA,2.21,0.5525,21.917
1102,f,0,0,0,NA,76.19,0,4.29,0,0.056306602,0.056306602,oo,225,196,163,1.147959184,,Manowar,urban,f,5/6/16,10:37,46,2.9,orange,early,4,0.49,0.57,0.25,0.26,NA,NA,NA,NA,NA,NA,D12,67.69682422,225.2570585,3.32743908,0.369909367,1.087381477,9.88104012,-21.20187757,26,NA,346.3864307,45.00627417,32.9153605,,0.57,NA,NA,0.064637681,NA,1.57,0.3925,8.323
1103,f,0,0,0,NA,70.8,0,14.27,0,0.201553672,0.201553672,oo,205,165,128,1.242424242,,Manowar,urban,f,5/6/16,10:43,47,3.4,orange,late,3,0.58,0.62,0.79,NA,NA,NA,NA,NA,NA,NA,E1,167.7535906,557.3637413,3.322514524,0.369829764,1.088125912,9.662909769,-20.69128971,27,NA,329.8672566,14.90674688,34.79623824,bite marks on tail,0.62,NA,NA,0.250415168,NA,1.99,0.663333333,16.098
1104,f,0,0,0,NA,83.53,0,27.25,0,0.326230097,0.326230097,oo,209,157,111,1.331210191,,Manowar,urban,f,5/6/16,11:10,48,2.8,orange,early/mid,2,0.52,0.28,NA,NA,NA,NA,NA,NA,NA,NA,E2,99.72749318,325.6629697,3.265528485,0.37130412,1.087943785,13.70301299,-20.7836794,28,NA,338.1268437,18.25113881,63.32288401,regrown tail; huge bite mark on left side,0.52,NA,NA,0.43428083,NA,0.8,0.4,NA
1105,f,0,0,0,NA,81.13,0,36.3,0,0.447430051,0.447430051,oo,184,171,137,1.076023392,oy?,Manowar,urban,f,5/8/16,9:55,48,4,orange,late,4,0.56,0.53,0.76,0.66,NA,NA,NA,NA,NA,NA,E3,125.4298154,407.7265746,3.250635212,0.369836131,1.08842836,9.680358943,-20.357773,29,34,299.9262537,21.06746884,72.4137931,regrown tail,0.56,NA,NA,0.481445201,NA,2.51,0.6275,62.999
1115,f,0,0,0,NA,79.3,0,5.43,0,0.068474149,0.068474149,oo,216,200,184,1.08,,Bluff,urban,f,5/1/16,11:51,46,3.2,orange,mid,4,0.51,0.53,0.57,0.52,NA,NA,NA,NA,NA,NA,,NA,NA,NA,NA,NA,NA,NA,1,44,350.5162242,37.39338204,27.7676951,,0.53,NA,NA,0.073952081,NA,2.13,0.5325,26.142
1121,m,163,171,165,0.964912281,86.08,26.91,8.71,0.312616171,0.101184944,0.413801115,yb,211,205,173,1.029268293,,Bluff,urban,m,5/1/16,12:15,50,4.2,yellow,NA,NA,NA,NA,NA,NA,NA,NA,NA,NA,0.6,0.3,,NA,NA,NA,NA,NA,NA,NA,3,32,349.4837758,15.78685002,23.04900181,regrown tail; bite marks,NA,0.405793637,0.301647183,0.104146455,0.5652,NA,NA,34.711
1122,f,0,0,0,NA,83.68,0,3.29,0,0.039316444,0.039316444,oo,228,217,204,1.050691244,,NA,NA,NA,NA,NA,NA,NA,NA,NA,NA,NA,NA,NA,NA,NA,NA,NA,NA,NA,NA,NA,NA,NA,NA,NA,NA,NA,NA,NA,NA,NA,NA,NA,NA,NA,NA,NA,0.041309443,NA,NA,NA,NA
1123,f,0,0,0,NA,101.52,0,9.6,0,0.094562648,0.094562648,oo,217,206,169,1.053398058,oy?,Bluff,urban,m,5/1/16,12:38,52,4.8,yellow,NA,NA,NA,NA,NA,NA,NA,NA,NA,NA,0.6,0.2,,NA,NA,NA,NA,NA,NA,NA,5,62,NA,9.142071336,22.71654867,regrown tail,NA,NA,NA,0.09961211,0.3768,NA,NA,17.894
1124,m,157,166,167,1.006024096,96.1,18.05,6.26,0.187825182,0.065140479,0.252965661,ob,214,200,186,1.07,,Bluff,urban,m,5/1/16,12:55,50,4.4,orange,NA,NA,NA,NA,NA,NA,NA,NA,NA,NA,0.5,0.2,,NA,NA,NA,NA,NA,NA,NA,6,31,350.5162242,7.249849592,49.18330309,regrown tail,NA,0.258656971,0.188956659,0.069700313,0.314,NA,NA,18.641
1130,m,191,194,190,0.979381443,107.43,21.99,7.78,0.204691427,0.07241925,0.277110677,ob,226,195,164,1.158974359,,Bluff,urban,m,5/1/16,13:11,51,4,orange,NA,NA,NA,NA,NA,NA,NA,NA,NA,NA,1.1,0.3,,NA,NA,NA,NA,NA,NA,NA,8,21,347.4188791,12.7504942,51.72413793,bite marks; regrowing tail; wound; 100 natural toe loss,NA,0.284403039,0.200470985,0.083932054,1.0362,NA,NA,28.07
1131,f,0,0,0,NA,70.61,0,12.03,0,0.170372468,0.170372468,oo,213,187,157,1.139037433,,Bluff,urban,f,5/1/16,13:17,47,3.6,orange,late/gravid,4,0.77,0.75,0.63,0.61,NA,NA,NA,NA,NA,NA,,NA,NA,NA,NA,NA,NA,NA,9,29,338.1268437,47.33854749,97.82214156,caught 0501,0.77,NA,NA,0.194060619,NA,2.76,0.69,48.666
1133,f,0,0,0,NA,85.2,0,2.78,0,0.032629108,0.032629108,oo,206,183,156,1.12568306,,Browse,rural,f,5/2/16,10:16,50,4.1,orange,late,4,0.57,0.53,0.68,0.63,NA,NA,NA,NA,NA,NA,,NA,NA,NA,NA,NA,NA,NA,2,33,354.6460177,30.61658788,25.22686025,bite marks; regrown tail,0.57,NA,NA,0.036730034,NA,2.41,0.6025,45.645
1134,m,163,172,168,0.976744186,108.97,59.4,2.34,0.545104157,0.0214738,0.566577957,ob,213,200,178,1.065,,Browse,rural,m,5/2/16,10:24,51,4.1,yellow,NA,NA,NA,NA,NA,NA,NA,NA,NA,NA,0.7,0.3,,NA,NA,NA,NA,NA,NA,NA,3,21,351.5486726,3.025354534,49.18330309,broken #1 toe,NA,0.555296913,0.532427316,0.022869597,0.6594,NA,NA,38.213
1135,m,168,174,169,0.971264368,120.02,34.06,1.87,0.283786036,0.015580737,0.299366772,ob,213,193,176,1.103626943,,Browse,rural,m,5/2/16,10:40,53,4.5,orange,NA,NA,NA,NA,NA,NA,NA,NA,NA,NA,0.6,0.3,,NA,NA,NA,NA,NA,NA,NA,4,32,353.6135693,7.645896003,20.50816697,bite marks; regrown tail,NA,0.292826586,0.275631265,0.017195321,0.5652,NA,NA,13.81
1140,m,128,138,142,1.028985507,109.33,71.78,2.34,0.656544407,0.021403092,0.677947498,ob,204,192,178,1.0625,,Browse,rural,m,5/2/16,10:49,51,4.2,yellow,NA,NA,NA,NA,NA,NA,NA,NA,NA,NA,0.7,0.3,,NA,NA,NA,NA,NA,NA,NA,5,40,348.4513274,16.84297379,94.91833031,bite marks; regrown tail,NA,0.698315465,0.67557468,0.022740785,0.6594,NA,NA,16.613
1141,m,157,167,170,1.017964072,88.09,35.15,6.9,0.399023726,0.078328982,0.477352707,ob,203,193,174,1.051813472,,Browse,rural,m,5/2/16,10:54,49,3.6,yellow,NA,NA,NA,NA,NA,NA,NA,NA,NA,NA,0.4,0.3,,NA,NA,NA,NA,NA,NA,NA,6,17,344.3215339,10.90227761,23.04900181,bite marks regrown tail,NA,0.488579295,0.406191817,0.082387479,0.3768,NA,NA,NA
1142,m,170,162,154,0.950617284,106.7,24.7,2.46,0.231490159,0.023055295,0.254545455,yb,214,196,174,1.091836735,,Browse,rural,m,5/2/16,11:28,51,4.2,yellow,NA,NA,NA,NA,NA,NA,NA,NA,NA,NA,0.5,0.2,,NA,NA,NA,NA,NA,NA,NA,8,41,353.6135693,11.51834981,25.95281307,bite marks regrown tail,NA,0.245231164,0.220058546,0.025172618,0.314,NA,NA,15.14
1143,m,133,145,141,0.972413793,88.23,37.64,6.79,0.426612263,0.076957951,0.503570214,yb,203,193,158,1.051813472,,Browse,rural,m,5/2/16,11:57,47,3.5,yellow,NA,NA,NA,NA,NA,NA,NA,NA,NA,NA,0.7,0.3,,NA,NA,NA,NA,NA,NA,NA,10,22,349.4837758,5.577653631,22.68602541,bite marks; regrown tail tip,NA,0.495789058,0.414843649,0.08094541,0.6594,NA,NA,9.36
1144,m ,143,153,147,0.960784314,107.45,42.23,5.01,0.393020009,0.046626338,0.439646347,yb,206,194,167,1.06185567,,Browse,rural,m,5/2/16,12:07,53,4.6,yellow,NA,NA,NA,NA,NA,NA,NA,NA,NA,NA,0.8,0.3,,NA,NA,NA,NA,NA,NA,NA,11,32,353.6135693,8.041942415,18.69328494,,NA,0.427117901,0.37760746,0.049510441,0.7536,NA,NA,13.254
1145,m,165,171,163,0.953216374,103.51,2.84,1.08,0.027436963,0.010433775,0.037870737,ob,214,200,182,1.07,,Browse,rural,m,5/2/16,12:12,52,4.5,orange,NA,NA,NA,NA,NA,NA,NA,NA,NA,NA,0.3,0.3,,NA,NA,NA,NA,NA,NA,NA,12,28,345.3539823,8.349978513,15.06352087,bite marks,NA,0.037317502,0.026153362,0.011164139,0.2826,NA,NA,18.197
1150,f,0,0,0,NA,68.8,0,2.87,0,0.041715116,0.041715116,oo,187,153,119,1.222222222,,Browse,rural,f,5/2/16,12:20,48,3.5,orange,late/gravid,4,0.55,0.58,0.93,0.97,NA,NA,NA,NA,NA,NA,,NA,NA,NA,NA,NA,NA,NA,13,32,352.5811209,15.87486034,35.75317604,bite marks,0.58,NA,NA,0.050985142,NA,3.03,0.7575,24.414
1151,m,181,189,190,1.005291005,66.28,10.97,2.55,0.165509958,0.038473144,0.203983102,ob,213,196,174,1.086734694,,Browse,rural,f,5/2/16,12:41,47,3.2,orange,mid/late,3,0.55,0.53,0.61,NA,NA,NA,NA,NA,NA,NA,,NA,NA,NA,NA,NA,NA,NA,14,19,350.5162242,35.85320155,18.33030853,bite marks,0.55,0.208195772,0.166385672,0.0418101,NA,1.69,0.563333333,24.682
1152,m,171,173,170,0.98265896,115.71,12.95,79.1,0.111917725,0.683605566,0.795523291,ob,198,174,151,1.137931034,,Bluff,urban,m,5/3/16,9:30,52,4.4,yellow,NA,NA,NA,NA,NA,NA,NA,NA,NA,NA,0.35,0.7,,NA,NA,NA,NA,NA,NA,NA,10,36,348.4513274,12.83850451,37.20508167,bite marks; regrowing tip,NA,0.887872944,0.109976955,0.777895989,0.7693,NA,NA,17.601
1153,m,150,166,155,0.93373494,101.32,24.27,12.53,0.239538097,0.123667588,0.363205685,yb,205,193,144,1.062176166,,Bluff,urban,m,5/3/16,9:56,52,4.8,yellow,NA,NA,NA,NA,NA,NA,NA,NA,NA,NA,0.6,0.4,,NA,NA,NA,NA,NA,NA,NA,11,43,349.4837758,4.345509239,23.04900181,bite marks,NA,0.355021855,0.223665091,0.131356764,0.7536,NA,NA,31.073
1154,f,0,0,0,NA,70.44,0,5.54,0,0.078648495,0.078648495,oo,220,198,177,1.111111111,,Bluff,urban,f,5/3/16,10:21,45,3.1,orange,early/mid,4,0.49,0.39,0.44,0.37,NA,NA,NA,NA,NA,NA,,NA,NA,NA,NA,NA,NA,NA,12,18,342.2566372,54.68740868,54.62794918,broken tip;,0.49,NA,NA,0.087387217,NA,1.69,0.4225,51.128
1155,f,0,0,0,NA,74.44,0,3.92,0,0.05265986,0.05265986,oo,223,211,197,1.056872038,,Bluff,urban,f,5/3/16,10:45,47,3.2,orange,mid,2,0.55,0.6,NA,NA,NA,NA,NA,NA,NA,NA,,NA,NA,NA,NA,NA,NA,NA,13,23,342.2566372,47.1185217,34.30127042,bite marks,0.6,NA,NA,0.055654734,NA,1.15,0.575,12.058
12(1/2)0,m,166,178,179,1.005617978,107.2,41.32,4.99,0.385447761,0.046548507,0.431996269,yb,215,209,194,1.028708134,,Browse,rural,m,5/4/16,10:37,50,4,yellow,NA,NA,NA,NA,NA,NA,NA,NA,NA,NA,0.5,0.2,,NA,NA,NA,NA,NA,NA,NA,15,15,NA,14.90674688,19.41923775,missing toes 10 & 20; equals 1210b,NA,0.435498026,0.387613198,0.047884828,0.314,NA,NA,NA
12(1/5)0,m,189,199,197,0.989949749,86.84,18.38,1.3,0.211653616,0.01497006,0.226623676,yb,218,216,204,1.009259259,,Bluff,urban,m,5/5/16,11:12,46,3,yellow,NA,NA,NA,NA,NA,NA,NA,NA,NA,NA,0.3,0.1,A12,81.55348816,274.2485506,3.362805893,0.369753738,1.086387044,9.454724525,-22.1254343,32,30,341.2241888,21.46351526,47.96238245,,NA,0.224635116,0.209526444,0.015108672,0.0942,NA,NA,12.093
120(2/3/4),f,0,0,0,NA,77.52,0,3.49,0,0.04502064,0.04502064,oo,208,185,161,1.124324324,,Bluff,urban,f,5/3/16,10:55,45,3.1,orange,late,3,0.7,0.71,0.72,NA,NA,NA,NA,NA,NA,NA,,NA,NA,NA,NA,NA,NA,NA,14,32,353.6135693,17.06299957,62.25045372,regrown tip; natural loss (2/4),0.71,NA,NA,0.050617801,NA,2.13,0.71,33.377
1201,m,146,153,151,0.986928105,87.24,45.22,22.64,0.518340211,0.259513984,0.777854195,ob,185,165,137,1.121212121,,Bluff,urban,m,5/3/16,11:27,48,3,orange,NA,NA,NA,NA,NA,NA,NA,NA,NA,NA,0.625,0.25,,NA,NA,NA,NA,NA,NA,NA,17,28,348.4513274,30.30855178,28.49364791,bite marks,NA,0.802534747,0.511564522,0.290970224,0.490625,NA,NA,26.985
1202,f,0,0,0,NA,77.21,0,8.32,0,0.107758062,0.107758062,oo,200,177,148,1.129943503,,Bluff,urban,f,5/3/16,11:10,45,2.5,orange,early,4,0.27,0.29,0.29,0.29,NA,NA,NA,NA,NA,NA,,NA,NA,NA,NA,NA,NA,NA,16,17,350.5162242,15.91886549,34.30127042,bite marks,0.29,NA,NA,0.121760522,NA,1.14,0.285,NA
1203,m,167,177,179,1.011299435,118.81,36.88,25.09,0.310411582,0.21117751,0.521589092,ob,199,169,143,1.177514793,,Bluff,urban,m,5/3/16,11:54,53,4.6,orange,NA,NA,NA,NA,NA,NA,NA,NA,NA,NA,0.5,0.3,,NA,NA,NA,NA,NA,NA,NA,15,32,352.5811209,13.23455092,76.76950998,bites and regrown tail; 1203b,NA,0.562583699,0.313919057,0.248664642,0.471,NA,NA,17.581
1204,f,0,0,0,NA,85.12,0,4.66,0,0.054746241,0.054746241,oo,201,183,153,1.098360656,,Bluff,urban,f,5/3/16,12:07,49,3.9,orange,late,5,0.65,0.56,0.62,0.47,0.57,NA,NA,NA,NA,NA,,NA,NA,NA,NA,NA,NA,NA,18,24,352.5811209,3.597421573,42.64972777,natural loss number 1; 1204b,0.65,NA,NA,0.060131117,NA,2.87,0.574,51.025
1205,f,0,0,0,NA,83.75,0,10.45,0,0.124776119,0.124776119,oo,208,176,149,1.181818182,oy?,Browse,rural,f,5/4/16,11:04,49,4.3,orange,late,5,0.7,0.65,0.82,0.56,0.47,NA,NA,NA,NA,NA,,NA,NA,NA,NA,NA,NA,NA,16,24,346.3864307,12.39845294,60.79854809,equals 1205b; 4510,0.7,NA,NA,0.147462686,NA,3.2,0.64,30.171
1211,f,0,0,0,NA,87.74,0,14.72,0,0.167768407,0.167768407,oo,209,172,142,1.215116279,,Browse,rural,f,5/4/16,11:15,48,2.9,orange,early,4,0.27,0.28,0.27,0.31,NA,NA,NA,NA,NA,NA,NA,NA,NA,NA,NA,NA,NA,NA,17,24,348.4513274,24.67589171,46.64246824,toeclip 4555,0.28,NA,NA,0.203858122,NA,1.13,0.2825,5.253
1212,f,0,0,0,NA,82.12,0,6.42,0,0.078178276,0.078178276,oo,218,197,173,1.106598985,,Browse,rural,f,5/5/16,11:23,48,4,orange,late,4,0.88,0.82,0.8,0.7,NA,NA,NA,NA,NA,NA,NA,NA,NA,NA,NA,NA,NA,NA,18,18,352.5811209,24.80790718,22.323049,toeclip 4545,0.88,NA,NA,0.086512001,NA,3.2,0.8,104.994
1213,m,163,161,153,0.950310559,100.6,18.67,44.15,0.185586481,0.438866799,0.62445328,ob,191,155,125,1.232258065,,Browse,rural,m,5/6/16,11:31,50,4.3,orange,NA,NA,NA,NA,NA,NA,NA,NA,NA,NA,0.6,0.3,NA,NA,NA,NA,NA,NA,NA,NA,19,51,351.5486726,17.89909755,48.09437387,toeclip 4535,NA,0.717161945,0.176364793,0.540797153,0.5652,NA,NA,13.248
1214,m,130,149,160,1.073825503,115.35,61.02,2.88,0.5289987,0.02496749,0.55396619,ob,179,156,131,1.147435897,,Browse,rural,m,5/7/16,11:34,52,5.1,yellow,NA,NA,NA,NA,NA,NA,NA,NA,NA,NA,1.2,0.5,NA,NA,NA,NA,NA,NA,NA,NA,20,36,347.4188791,19.74731414,68.42105263,toeclip 4525,NA,0.596700889,0.568052295,0.028648594,1.884,NA,NA,17.894
1215,m,150,165,165,1,97.27,28.32,3.06,0.29114835,0.031458826,0.322607176,yb,214,210,188,1.019047619,,Browse,rural,m,5/8/16,11:45,51,4,yellow,NA,NA,NA,NA,NA,NA,NA,NA,NA,NA,1.1,8.4,NA,NA,NA,NA,NA,NA,NA,NA,21,38,350.5162242,12.48646326,32.12341198,toeclip 4515,NA,0.323206392,0.29114835,0.032058042,29.0136,NA,NA,15.35
122(2/4),f,0,0,0,NA,106.13,0,10.23,0,0.096391218,0.096391218,oo,210,174,155,1.206896552,,Browse,rural,m,5/4/16,12:28,51,3.9,orange,NA,NA,NA,NA,NA,NA,NA,NA,NA,NA,0.6,0.4,,NA,NA,NA,NA,NA,NA,NA,25,21,343.2890855,16.09488612,77.13248639,missing toes 2 & 4,NA,NA,NA,0.116334229,0.7536,NA,NA,20.773
1221,f,0,0,0,NA,88.21,0,4.66,0,0.052828477,0.052828477,oo,217,198,181,1.095959596,,Browse,rural,f,5/9/16,12:09,51,4.3,orange,gravid,4,0.93,0.8,0.78,0.66,NA,NA,NA,NA,NA,NA,NA,NA,NA,NA,NA,NA,NA,NA,23,26,350.5162242,20.97945853,31.03448276,toeclip 4554,0.93,NA,NA,0.057897876,NA,3.17,0.7925,52.109
1230,m,197,210,206,0.980952381,92.08,19.41,20.31,0.210794961,0.22056907,0.431364031,ob,225,194,157,1.159793814,,Bluff,urban,m,5/5/16,9:36,51,4,orange,NA,NA,NA,NA,NA,NA,NA,NA,NA,NA,0.7,0.35,A1,165.7276497,565.0521901,3.409522739,0.369159075,1.08665293,7.825165631,-22.00315136,19,58,353.6135693,4.961581435,26.3322884,bite mark; plasma tube labeled 140,NA,0.462594462,0.206779819,0.255814643,0.7693,NA,NA,NA
1231,f,0,0,0,NA,69.85,0,1.64,0,0.023478883,0.023478883,oo,207,194,181,1.067010309,,Bluff,urban,f,5/5/16,9:42,45,2.7,orange,early/mid,5,0.3,0.28,0.31,0.25,0.29,NA,NA,NA,NA,NA,A2,134.6790969,450.1179671,3.342151659,0.369363593,1.086575958,8.385579823,-22.03949623,20,64,332.9646018,61.33218737,107.8369906,,0.3,NA,NA,0.02505221,NA,1.43,0.286,6.126
1232,m,199,214,215,1.004672897,83.36,13.24,6.05,0.158829175,0.072576775,0.23140595,yb,222,226,211,0.982300885,,Bluff,urban,m,5/5/16,9:42,47,3,yellow,NA,NA,NA,NA,NA,NA,NA,NA,NA,NA,0.4,0.3,A3,154.2339091,509.960147,3.306407456,0.369565999,1.086666698,8.940297597,-21.95476003,21,41,348.4513274,38.1414697,78.9968652,regrowing tail; bite marks,NA,0.230863598,0.159571367,0.07129223,0.3768,NA,NA,12.5
1233,f,0,0,0,NA,83.98,0,7.42,0,0.08835437,0.08835437,oo,225,198,172,1.136363636,,Bluff,urban,f,5/5/16,9:53,49,3.3,orange,early/mid,4,0.3,0.27,0.21,0.23,NA,NA,NA,NA,NA,NA,A4,188.2299524,641.6600882,3.408915956,0.370207113,1.086802755,10.69692745,-21.84525544,22,14,337.0943953,28.02028363,55.48589342,,0.3,NA,NA,0.100402693,NA,1.01,0.2525,NA
1234,m,182,199,198,0.994974874,106.4,39.49,10.39,0.371146617,0.097650376,0.468796992,ob,211,184,152,1.14673913,,Bluff,urban,m,5/5/16,9:58,52,4.8,orange,NA,NA,NA,NA,NA,NA,NA,NA,NA,NA,0.7,0.3,A5,169.4529594,552.1176055,3.25823525,0.370362629,1.086601038,11.12330525,-22.01190718,23,34,332.9646018,36.99733563,66.45768025,bite marks on neck; stubbed tail; several bite marks,NA,0.481261066,0.369281558,0.111979507,0.6594,NA,NA,12.5
1235,m,184,207,216,1.043478261,100.3,38.62,4.73,0.385044865,0.047158524,0.43220339,ob,227,219,200,1.03652968,,Bluff,urban,m,5/5/16,10:24,51,4,orange,NA,NA,NA,NA,NA,NA,NA,NA,NA,NA,0.8,0.3,A6,179.5012154,595.7623959,3.318988089,0.371563145,1.094370382,14.41288539,NA,25,36,344.3215339,21.46351526,38.55799373,,NA,0.450667156,0.401785946,0.04888121,0.7536,NA,NA,15.429
1240,f,0,0,0,NA,74.88,0,5.74,0,0.076655983,0.076655983,oo,221,203,186,1.088669951,,Bluff,urban,f,5/5/16,10:25,48,3.7,orange,late,4,0.53,0.55,0.69,0.75,NA,NA,NA,NA,NA,NA,A7,72.17248393,320.3892348,4.439215853,0.371263325,1.087318246,13.59128999,-21.33579536,26,21,346.3864307,54.29136227,42.94670846,natural loss 200 toe,0.55,NA,NA,0.083453065,NA,2.52,0.63,42.169
1241,f,0,0,0,NA,87.76,0,7.47,0,0.085118505,0.085118505,oo,215,186,159,1.155913978,,Bluff,urban,f,5/5/16,10:32,51,4.2,orange,mid,4,0.43,0.47,0.46,0.48,NA,NA,NA,NA,NA,NA,,NA,NA,NA,NA,NA,NA,NA,27,36,340.1917404,54.59939837,44.20062696,bite marks,0.47,NA,NA,0.09838967,NA,1.84,0.46,45.418
1242,f,0,0,0,NA,68.6,0,7.18,0,0.104664723,0.104664723,oo,224,192,164,1.166666667,,Bluff,urban,f,5/5/16,10:35,46,3.1,orange,gravid,3,0.81,0.84,1,NA,NA,NA,NA,NA,NA,NA,A8,162.7354217,533.0972249,3.275852419,0.370917971,1.090738075,12.64492358,-18.34614644,28,23,351.5486726,16.71095832,19.7492163,regrowing tail,0.84,NA,NA,0.122108844,NA,2.65,0.883333333,98.31
1243,m,195,207,206,0.995169082,84.72,5.61,1.88,0.06621813,0.022190746,0.088408876,yb,212,215,206,0.986046512,,Bluff,urban,m,5/5/16,11:02,48,3.4,yellow,NA,NA,NA,NA,NA,NA,NA,NA,NA,NA,0.45,0.2,A9,186.1253916,612.3429828,3.289948661,0.369006963,1.085593555,7.408346771,-22.90994851,29,35,352.5811209,14.0706489,28.21316614,bite marks; tail tip slightly broken,NA,0.087779343,0.065898236,0.021881108,0.2826,NA,NA,11.433
1244,f,0,0,0,NA,83.2,0,10.63,0,0.127764423,0.127764423,oo,212,189,165,1.121693122,,Bluff,urban,m,5/5/16,11:07,46,2.9,orange,NA,NA,NA,NA,NA,NA,NA,NA,NA,NA,0.5,0.15,A10,194.2417323,637.0512689,3.279682802,0.369174806,1.085894061,7.868331595,-22.64359244,30,42,344.3215339,17.10700473,35.10971787,bite marks,NA,NA,NA,0.143312475,0.2355,NA,NA,8.834
1245,f,0,0,0,NA,74.48,0,15.23,0,0.204484425,0.204484425,oo,200,169,132,1.183431953,,Bluff,urban,f,5/5/16,11:07,48,3.2,orange,gravid,3,0.66,0.7,1.03,NA,NA,NA,NA,NA,NA,NA,A11,128.937625,429.5576992,3.331515523,0.369077904,1.08792466,7.60263958,-20.81000878,31,26,347.4188791,33.9609798,20.06269592,bite marks,0.7,NA,NA,0.241993402,NA,2.39,0.796666667,34.762
1251,f,216,218,184,0.990825688,97.75,20.18,3.32,0.206445013,0.033964194,0.240409207,oy,211,199,152,1.060301508,,Manowar,urban,f,5/5/16,11:28,51,3.3,yellow,early,4,0.31,0.36,0.28,0.31,NA,NA,NA,NA,NA,NA,B2,180.2875847,593.0250359,3.289328197,0.370706015,1.08826639,12.06409653,-20.54132454,1,15,336.0619469,49.53880533,62.06896552,bite marks on tail,0.36,0.240563308,0.204551022,0.036012286,NA,1.26,0.315,NA
1252,f,0,0,0,NA,83.51,0,64.95,0,0.777751168,0.777751168,oo,217,190,161,1.142105263,,Manowar,urban,f,5/5/16,11:31,48,3.5,orange,mid,5,0.52,0.51,0.58,0.53,0.54,NA,NA,NA,NA,NA,B3,129.2139813,425.1536802,3.290307101,0.370940497,1.087735587,12.70653874,-20.9660591,2,32,344.3215339,49.0547486,14.10658307,bite marks on chin; tail; tail regrown,0.52,NA,NA,0.888273702,NA,2.68,0.536,19.052
1253,m,0,0,0,0,92.86,0,1.19,0,0.01281499,0.01281499,yy,203,203,182,1,,Manowar,urban,m,5/5/16,11:42,51,4.7,yellow,NA,NA,NA,NA,NA,NA,NA,NA,NA,NA,0.55,0.25,B5,193.5835131,625.0417079,3.228796182,0.369814039,1.089576641,9.619860645,-19.38170707,4,55,352.5811209,13.54258702,72.4137931,regrown tail tip (slight),NA,0.01281499,0,0.01281499,0.43175,NA,NA,4.507
1254,f,0,0,0,NA,74.78,0,4.81,0,0.064322011,0.064322011,oo,216,201,184,1.074626866,,Manowar,urban,f,5/5/16,11:49,47,3.8,orange,late,4,0.75,0.82,0.7,0.81,NA,NA,NA,NA,NA,NA,B6,196.2218175,697.380895,3.554043602,0.369058188,1.08617596,7.54880999,-22.40845998,5,27,349.4837758,21.15547916,38.55799373,regrown tail,0.82,NA,NA,0.069122161,NA,3.08,0.77,23.885
1255,f,0,0,0,NA,76.81,0,36.69,0,0.477672178,0.477672178,oo,225,161,112,1.397515528,,Manowar,urban,f,5/5/16,12:10,48,3.5,orange,mid,4,0.6,0.52,0.55,0.55,NA,NA,NA,NA,NA,NA,B7,171.8321382,557.5052022,3.244475731,0.369044706,1.090073316,7.511664844,-18.93740143,9,17,328.8348083,30.66059304,108.4639498,,0.6,NA,NA,0.667554286,NA,2.22,0.555,NA
1301,f,0,0,0,NA,83.39,0,8.71,0,0.104448975,0.104448975,oo,235,213,180,1.103286385,oy?,Manowar,urban,f,5/5/16,12:01,50,3.5,yellow,mid,4,0.53,0.59,0.48,0.44,NA,NA,NA,NA,NA,NA,B8,111.9356574,359.0446178,3.207598241,0.369256019,1.088318483,8.0908768,-20.45305357,7,35,348.4513274,51.03498066,31.03448276,bite marks; regrown tail,0.59,NA,NA,0.115237132,NA,2.04,0.51,17.972
1302,m,208,222,219,0.986486486,98.73,15.57,12.98,0.157702826,0.131469665,0.289172491,yb,233,234,214,0.995726496,,Manowar,urban,m,5/5/16,11:51,50,3.7,yellow,NA,NA,NA,NA,NA,NA,NA,NA,NA,NA,0.55,0.15,B9,141.4321913,467.6183733,3.306307913,0.369217381,1.088906037,7.984887014,-19.94615991,6,31,352.5811209,11.91439622,33.54231975,,NA,0.286479536,0.155571707,0.130907829,0.25905,NA,NA,2.604
1303,m,213,223,209,0.937219731,93.08,8.9,34.9,0.095616674,0.374946283,0.470562957,ob,231,216,182,1.069444444,,Manowar,urban,m,5/5/16,12:17,49,3.9,yellow,NA,NA,NA,NA,NA,NA,NA,NA,NA,NA,0.5,0.4,B11,168.4154749,549.2202389,3.261103169,0.369161124,1.088229324,7.830724839,-20.54945872,11,37,352.5811209,16.22690159,41.69278997,several bite marks; tail regrowing,NA,0.490598053,0.089613833,0.400984219,0.628,NA,NA,3.99
1304,m,186,200,189,0.945,101.15,7.06,10.6,0.069797331,0.104794859,0.17459219,yb,222,222,196,1,,Manowar,urban,m,5/5/16,12:11,50,3.9,yellow,NA,NA,NA,NA,NA,NA,NA,NA,NA,NA,0.7,0.2,B10,69.38440146,221.2118826,3.188207694,0.369536817,1.089730698,8.86037128,-19.13772761,10,46,344.3215339,12.00240653,33.22884013,several toe nails are white; (3/4/5)203,NA,0.170753337,0.065958478,0.104794859,0.4396,NA,NA,4.66
1305,f,0,0,0,NA,84.66,0,4.78,0,0.056461139,0.056461139,oo,232,223,211,1.040358744,,Manowar,urban,f,5/5/16,12:40,50,3.3,orange,mid,4,0.45,0.45,0.48,0.4,NA,NA,NA,NA,NA,NA,C2,105.1119869,355.9315493,3.386212741,0.369403412,1.086021387,8.494623749,-22.48188876,14,30,337.0943953,50.85896003,64.57680251,bite marks on tail; very dull orange,0.45,NA,NA,0.05873984,NA,1.78,0.445,11.012
1310,m,149,164,161,0.981707317,111.14,33.84,4.6,0.304480835,0.041389239,0.345870074,yb,184,176,153,1.045454545,,Browse,rural,m,5/6/16,11:55,52,4.6,yellow,NA,NA,NA,NA,NA,NA,NA,NA,NA,NA,0.9,0.4,C4,177.6783488,609.8084954,3.432092315,0.367444495,1.085904846,3.126863018,-22.61968343,26,NA,336.0619469,3.025354534,15.98746082,regrown tail,NA,0.342181632,0.298911064,0.043270568,1.1304,NA,NA,16.445
1311,f,0,0,0,NA,86.81,0,2.19,0,0.025227508,0.025227508,oo,199,181,155,1.099447514,,Browse,rural,f,5/6/16,11:55,48,4.2,orange,gravid,4,0.96,0.95,1.05,0.65,NA,NA,NA,NA,NA,NA,C5,163.4093149,562.9840225,3.445238252,0.367233673,1.086263669,2.549338896,-22.29367346,27,NA,335.0294985,22.25560808,52.03761755,bite marks,0.96,NA,NA,0.027736321,NA,3.61,0.9025,67.047
1312,m,148,167,168,1.005988024,102.43,36.56,5.04,0.356926682,0.049204335,0.406131016,yb,213,205,178,1.03902439,,Browse,rural,m,5/6/16,12:10,51,3.9,yellow,NA,NA,NA,NA,NA,NA,NA,NA,NA,NA,0.8,0.3,C6,169.4824864,560.0192973,3.304290073,0.367307146,1.086061601,2.750586373,-22.4732623,28,NA,330.899705,6.0177052,15.36050157,bite marks/regrowing tail,NA,0.410188472,0.359063968,0.051124504,0.7536,NA,NA,NA
1313,m,143,161,158,0.98136646,104.39,44.23,2.92,0.423699588,0.027972028,0.451671616,ob,219,208,181,1.052884615,,Browse,rural,m,5/6/16,12:10,51,4,yellow,NA,NA,NA,NA,NA,NA,NA,NA,NA,NA,0.8,0.4,C7,149.4687332,510.4164817,3.414871263,0.367439082,1.086587331,3.112017836,-21.99663215,29,NA,298.8938053,22.60764933,60.18808777,bite marks,NA,0.445255883,0.415804565,0.029451318,1.0048,NA,NA,16.538
1314,f,0,0,0,NA,87.22,0,7.92,0,0.090804861,0.090804861,oo,208,167,130,1.245508982,,Browse,rural,f,5/6/16,12:15,50,4,orange,mid/late,4,0.53,0.62,0.4,0.42,NA,NA,NA,NA,NA,NA,C8,134.6888579,465.0139982,3.452505318,0.367234691,1.086642123,2.552054688,-21.9381204,30,NA,331.9321534,NA,66.14420063,,0.62,NA,NA,0.11309827,NA,1.97,0.4925,NA
1315,m,136,143,134,0.937062937,109.43,3.67,6.65,0.033537421,0.060769442,0.094306863,ob,182,158,128,1.151898734,,Browse,rural,m,5/6/16,12:23,51,4.4,orange,NA,NA,NA,NA,NA,NA,NA,NA,NA,NA,0.6,0.3,C10,149.4910304,501.9927923,3.358012792,0.367737379,1.086007466,3.929376004,-22.50696283,32,NA,340.1917404,13.76261281,42.00626959,regrown tail,NA,0.101426918,0.031426674,0.070000243,0.5652,NA,NA,11.686
1320,f,0,0,0,NA,75.59,0,1.67,0,0.022092869,0.022092869,oo,236,215,184,1.097674419,,Manowar,urban,f,5/5/16,12:34,47,3.4,orange,late,4,0.81,0.68,0.63,0.8,NA,NA,NA,NA,NA,NA,C1,59.5665062,202.6724904,3.402457242,0.369655164,1.08700447,9.184574987,-21.59933991,13,26,349.4837758,8.129952729,39.18495298,bite marks; natural toe loss on 20,0.81,NA,NA,0.024250777,NA,2.92,0.73,55.927
1321,m,120,128,118,0.921875,104.29,10.63,4.16,0.101927318,0.039888772,0.14181609,ob,189,178,153,1.061797753,,Browse,rural,m,5/6/16,12:26,49,4.1,yellow,NA,NA,NA,NA,NA,NA,NA,NA,NA,NA,0.6,0.3,C11,120.0249692,400.1898661,3.334221777,0.367790646,1.085486408,4.075313987,-22.94568148,33,NA,289.6017699,6.545767082,59.87460815,bite marks,NA,0.136318055,0.093964246,0.042353808,0.5652,NA,NA,4.484
1322,m,154,168,160,0.952380952,100.81,30.21,2.78,0.299672652,0.027576629,0.327249281,ob,186,179,160,1.039106145,,Browse,rural,m,5/6/16,12:35,51,4.1,yellow,NA,NA,NA,NA,NA,NA,NA,NA,NA,NA,0.6,0.3,C12,179.7569936,604.7703734,3.364377437,0.367709312,1.085858284,3.852691304,-22.66073042,34,NA,348.4513274,2.497292651,20.06269592,few bite marks,NA,0.31405757,0.285402526,0.028655045,0.5652,NA,NA,22.431
1323,m,166,176,169,0.960227273,108.65,39.66,12.62,0.365025311,0.116152784,0.481178095,ob,201,175,150,1.148571429,,Browse,rural,m,5/6/16,12:45,48,4.6,orange,NA,NA,NA,NA,NA,NA,NA,NA,NA,NA,0.6,0.3,D1,139.791886,469.8686523,3.361201181,0.367577601,1.087286452,3.491741875,-21.40929276,35,NA,333.9970501,17.10700473,27.5862069,,NA,0.483917028,0.350507259,0.133409769,0.5652,NA,NA,7.878
1324,f,0,0,0,NA,79.38,0,5.04,0,0.063492063,0.063492063,oo,204,166,126,1.228915663,,Browse,rural,f,5/6/16,12:50,48,3.4,orange,late,4,0.78,0.79,0.52,0.52,NA,NA,NA,NA,NA,NA,D2,163.4707107,524.8812325,3.210857959,0.367413716,1.086581319,3.042595908,-22.01223777,36,NA,348.4513274,21.90356682,21.94357367,regrown tail,0.79,NA,NA,0.078026391,NA,2.61,0.6525,26.464
1325,m,174,180,166,0.922222222,121.95,11.61,7.27,0.095202952,0.059614596,0.154817548,yb,209,198,153,1.055555556,,Manowar,urban,m,5/6/16,9:37,49,4.4,yellow,NA,NA,NA,NA,NA,NA,NA,NA,NA,NA,0.4,0.3,D3,211.2642016,711.8518256,3.369486265,0.371078729,1.087534797,13.08537858,-21.18861316,17,NA,346.3864307,18.99922647,95.29780564,missing tail (healed),NA,0.150724796,0.087798278,0.062926518,0.3768,NA,NA,11.191
1330,f,0,0,0,NA,74.9,0,5.37,0,0.071695594,0.071695594,oo,189,146,103,1.294520548,,Manowar,urban,f,5/6/16,9:45,51,3.5,orange,mid,4,0.55,0.46,0.46,0.59,NA,NA,NA,NA,NA,NA,D4,132.7515598,449.357593,3.384951512,0.370605006,1.087774848,11.78725227,-20.93191342,18,NA,344.3215339,50.77094972,52.03761755,bite marks on tail; looks like shes about to die,0.55,NA,NA,0.09281142,NA,2.06,0.515,12.918
1331,f,0,0,0,NA,69.42,0,4.57,0,0.065831173,0.065831173,oo,205,161,114,1.273291925,,Manowar,urban,f,5/6/16,9:56,49,3.2,orange,late,4,0.43,0.54,0.58,0.78,NA,NA,NA,NA,NA,NA,D5,105.9359128,329.6158735,3.111464892,0.369630772,1.090053702,9.117633391,-18.8657262,19,NA,325.7374631,22.07958745,42.63322884,bite marks on tail,0.54,NA,NA,0.083822301,NA,2.33,0.5825,NA
1332,m,0,0,0,NA,97.12,0,68.2,0,0.702224053,0.702224053,oo,187,145,98,1.289655172,,Manowar,urban,m,5/6/16,9:56,50,4.3,orange,NA,NA,NA,NA,NA,NA,NA,NA,NA,NA,0.5,0.2,D6,152.1777636,493.2086243,3.241003236,0.368853123,1.087398865,6.986737929,-21.2632422,20,NA,345.3539823,22.78366996,1.253918495,bite marks; tail tip regrown,NA,NA,NA,0.905626882,0.314,NA,NA,11.945
1333,f,0,0,0,NA,86.79,0,3.25,0,0.03744671,0.03744671,oo,208,169,127,1.230769231,,Manowar,urban,f,5/6/16,10:18,48,3.1,orange,early,4,0.38,0.35,0.28,0.21,NA,NA,NA,NA,NA,NA,D7,183.4131945,640.529955,3.492278496,0.369106511,1.086058927,7.680856894,-22.48663871,21,NA,322.640118,56.66764074,75.23510972,,0.38,NA,NA,0.046088258,NA,1.22,0.305,13.248
1334,m,177,181,166,0.917127072,94.89,1.5,15.48,0.015807777,0.163136263,0.17894404,ob,194,166,131,1.168674699,,Manowar,urban,m,5/6/16,10:22,49,3.5,orange,NA,NA,NA,NA,NA,NA,NA,NA,NA,NA,0.6,0.3,D8,115.3099151,376.6812576,3.26668576,0.369245732,1.086470565,8.062551297,-22.07187514,22,NA,348.4513274,3.817447357,75.86206897,regrown tail; bite marks,NA,0.205150963,0.01449774,0.190653223,0.5652,NA,NA,6.638
1335,m,155,170,148,0.870588235,106.54,9.98,23.98,0.093673738,0.225079782,0.31875352,yb,190,190,151,1,,Manowar,urban,m,5/6/16,10:31,51,3.8,yellow,NA,NA,NA,NA,NA,NA,NA,NA,NA,NA,0.7,0.3,D10,149.5276434,492.8240988,3.295872841,0.369148107,1.088636077,7.795040456,-20.18091429,24,NA,348.4513274,5.445638161,13.47962382,bite marks; tail is broken,NA,0.306631036,0.081551254,0.225079782,0.6594,NA,NA,6.195
1340,f,0,0,0,NA,98.73,0,20.9,0,0.211688443,0.211688443,oo,235,214,185,1.098130841,,Manowar,urban,m,5/5/16,12:23,50,4.2,orange,NA,NA,NA,NA,NA,NA,NA,NA,NA,NA,0.5,0.3,B12,168.1509059,559.4323343,3.326965926,0.368817528,1.086077981,6.889137504,-22.46001909,12,24,340.1917404,6.457756768,28.84012539,natural toe loss on 40,NA,NA,NA,0.232461608,0.471,NA,NA,9.219
1341,m,183,191,192,1.005235602,122.83,75.18,27.07,0.612065456,0.220385899,0.832451356,ob,203,194,184,1.046391753,,Leeds,rural,m,5/9/16,9:55,52,3.9,yellow,NA,NA,NA,NA,NA,NA,NA,NA,NA,NA,0.4,0.2,E4,145.0322282,473.7561236,3.266557575,0.368845537,1.086349721,6.965950699,-22.20891154,6,23,347.4188791,14.24666953,57.05329154,bite marks; 2 mites,NA,0.845879974,0.615269987,0.230609987,0.2512,NA,NA,17.712
1342,f,0,0,0,NA,83.18,0,13.74,0,0.165183938,0.165183938,oo,190,131,95,1.450381679,,Leeds,rural,f,5/9/16,12:30,49,3.8,orange,late,4,0.71,0.73,0.67,0.65,NA,NA,NA,NA,NA,NA,E5,183.9572242,601.2998187,3.268693694,0.36830188,1.086389683,5.476253684,-22.19886367,32,37,305.0884956,34.2690159,92.1630094,bite marks; 7 mites,0.73,NA,NA,0.239579757,NA,2.76,0.69,16.717
1343,m,172,182,185,1.016483516,117.92,51.78,22.26,0.439111262,0.188772049,0.627883311,ob,209,183,165,1.142076503,,Leeds,rural,m,5/9/16,11:00,52,3.8,orange,NA,NA,NA,NA,NA,NA,NA,NA,NA,NA,0.6,0.3,E6,197.6192413,639.5898765,3.236475721,0.368214329,1.085543143,5.236353869,-22.95375038,17,46,338.1268437,21.55152557,44.82758621,,NA,0.661941481,0.44634936,0.215592122,0.5652,NA,NA,14.737
1344,m,190,196,195,0.994897959,77.14,3.4,10.62,0.044075707,0.137671766,0.181747472,ob,200,182,165,1.098901099,,Leeds,rural,f,5/9/16,11:50,50,2.9,orange,early,5,0.45,0.39,0.41,0.37,0.49,NA,NA,NA,NA,NA,E7,154.2808561,520.1384694,3.371374016,0.367879939,1.086599832,4.320087532,-21.99641366,25,36,320.5752212,61.9042544,108.4639498,6 mites,0.45,0.195138486,0.043850831,0.151287655,NA,2.11,0.422,18.828
1345,f,0,0,0,NA,77.69,0,3.82,0,0.049169777,0.049169777,oo,201,164,140,1.225609756,,Leeds,rural,f,5/9/16,12:05,46,2.9,orange,late,4,0.62,0.63,0.77,0.72,NA,NA,NA,NA,NA,NA,E8,152.9740905,502.9326725,3.287698399,0.368383183,1.085077605,5.699033681,-23.33673737,29,48,341.2241888,14.02664375,30.40752351,regrowing tail; bite marks,0.63,NA,NA,0.060262958,NA,2.74,0.685,18.936
1350,f,0,0,0,NA,85.37,0,10.85,0,0.127093827,0.127093827,oo,204,160,131,1.275,,Leeds,rural,f,5/9/16,12:20,47,3,orange,early,5,0.39,0.38,0.35,0.37,0.34,NA,NA,NA,NA,NA,E9,39.316513,133.3959888,3.392874358,0.368738807,1.08585636,6.673493198,-22.51790361,31,22,313.3480826,59.52797593,47.64890282,bite marks; no mites,0.39,NA,NA,0.162044629,NA,1.83,0.366,29.518
1351,f,0,0,0,NA,82.89,0,3.95,0,0.047653517,0.047653517,oo,203,185,171,1.097297297,,Leeds,rural,f,5/9/16,12:07,47,3.3,orange,mid,3,0.54,0.55,0.65,NA,NA,NA,NA,NA,NA,NA,E10,210.7330235,679.2138634,3.223101212,0.3685235,1.085882831,6.083520517,-22.65132104,30,36,325.7374631,33.82896433,59.87460815,regrowing tail; bite marks; 5 mites,0.55,NA,NA,0.052290075,NA,1.74,0.58,50.483
1352,f,0,0,0,NA,86.73,0,13.51,0,0.155770783,0.155770783,oo,206,160,126,1.2875,,Leeds,rural,f,5/9/16,10:32,48,3,orange,early/mid,5,0.55,0.37,0.44,0.51,0.5,NA,NA,NA,NA,NA,E11,172.3696762,582.687161,3.380450517,0.368469247,1.08591633,5.934861246,-22.60567922,14,26,325.7374631,43.95015041,31.97492163,bites and no mites,0.55,NA,NA,0.200554883,NA,2.37,0.474,39.829
1353,f,0,0,0,NA,91.33,0,26.15,0,0.286324318,0.286324318,oo,217,176,155,1.232954545,,Leeds,rural,f,5/9/16,11:58,52,3.9,orange,mid/late,4,0.45,0.48,0.52,0.52,NA,NA,NA,NA,NA,NA,E12,145.3263145,479.6443054,3.300464249,0.368190857,1.085601028,5.172037327,-22.86710007,26,55,348.4513274,43.77412978,47.02194357,bite marks; 7 mites,0.48,NA,NA,0.353024869,NA,1.97,0.4925,49.968
1354,f,0,0,0,NA,78.85,0,6.67,0,0.084590996,0.084590996,oo,209,189,171,1.105820106,,Leeds,rural,f,5/9/16,11:58,47,3.5,orange,gravid,4,0.74,0.8,1.02,0.94,NA,NA,NA,NA,NA,NA,F1,161.5366674,536.4406508,3.32085996,0.367886405,1.085798638,4.337804648,-22.7396329,28,55,342.2566372,8.658014611,12.22570533,mostly regrown tail; bite marks,0.8,NA,NA,0.093542424,NA,3.5,0.875,102.276
1355,f,0,0,0,NA,71.18,0,8.84,0,0.124192189,0.124192189,oo,202,157,122,1.286624204,,Leeds,rural,f,5/9/16,12:48,45,2.2,orange,early,4,0.29,0.27,0.33,0.25,NA,NA,NA,NA,NA,NA,F2,122.4240789,416.0922019,3.398777476,0.367896736,1.085932257,4.366112117,-22.57029142,34,27,323.6725664,37.78942845,68.96551724,bite marks; mostly regrown tail but not broken; just half way up (will break off I know it),0.29,NA,NA,0.159788676,NA,1.14,0.285,16.445
1401,m,169,171,174,1.01754386,118.05,52.57,11.32,0.44531978,0.095891571,0.541211351,ob,203,170,150,1.194117647,,Leeds,rural,m,5/9/16,11:50,54,4.4,orange,NA,NA,NA,NA,NA,NA,NA,NA,NA,NA,0.7,0.3,F3,136.014848,453.0584205,3.330948254,0.367807602,1.085175599,4.121876866,-23.24497985,24,29,228.6873156,11.34232918,20.68965517,bite marks; ~50 mites,NA,0.567638225,0.453132408,0.114505817,0.6594,NA,NA,2.543
1402,m,122,151,163,1.079470199,115.39,63.9,6.02,0.553774157,0.052170899,0.605945056,ob,196,180,163,1.088888889,,Leeds,rural,m,5/9/16,10:00,50,3.9,orange,NA,NA,NA,NA,NA,NA,NA,NA,NA,NA,0.6,0.3,F4,148.9709592,502.6424335,3.374096778,0.368036925,1.085724875,4.75024653,-22.76530034,8,42,308.1858407,7.513880533,14.4200627,regrown tail; bite marks; ~35 mites,NA,0.654591012,0.597782699,0.056808312,0.5652,NA,NA,16.613
1403,f,0,0,0,NA,82.51,0,24.35,0,0.295115744,0.295115744,oo,209,172,144,1.215116279,,Leeds,rural,f,5/9/16,11:00,45,3.1,orange,late,4,0.83,0.63,0.67,0.52,NA,NA,NA,NA,NA,NA,F5,111.5675333,374.7348596,3.358816391,0.368104043,1.086095894,4.934156116,-22.40258289,19,61,347.4188791,5.18160722,23.82445141,bite mark,0.83,NA,NA,0.358599945,NA,2.65,0.6625,34.379
1404,m,167,179,177,0.988826816,113.83,29.44,14.33,0.258631292,0.125889484,0.384520777,yb,220,213,188,1.03286385,,Leeds,rural,m,5/9/16,9:18,53,4.4,yellow,NA,NA,NA,NA,NA,NA,NA,NA,NA,NA,0.7,0.3,F6,166.1017593,569.3931048,3.427977567,0.36786127,1.084509371,4.268934028,-23.86169709,2,44,350.5162242,4.345509239,87.14733542,~40 mites; ,NA,0.385768254,0.255741557,0.130026697,0.6594,NA,NA,12.42
1405,m,170,178,172,0.966292135,110.08,62.44,14.79,0.567223837,0.134356831,0.701580669,yb,208,202,180,1.02970297,,Leeds,rural,m,5/9/16,9:44,51,4.1,yellow,NA,NA,NA,NA,NA,NA,NA,NA,NA,NA,0.6,0.3,F7,123.5866863,402.4583442,3.256486247,0.368489137,1.085157355,5.989361586,-23.2467115,4,31,350.5162242,9.802148689,16.61442006,regrown tail; 4 mites; big bite mark,NA,0.68645156,0.548103932,0.138347628,0.5652,NA,NA,18.346
1410,m,159,175,182,1.04,107.69,34.77,6,0.322871204,0.05571548,0.378586684,ob,203,185,165.5,1.097297297,,Leeds,rural,m,5/9/16,9:27,50,3.6,orange,NA,NA,NA,NA,NA,NA,NA,NA,NA,NA,0.7,0.3,F8,94.63959886,316.7706773,3.347126162,0.367864698,1.085008801,4.278326326,-23.34969636,3,47,351.5486726,9.274086807,116.3009404,bite marks; 15 mites,NA,0.396922498,0.335786052,0.061136446,0.6594,NA,NA,35.136
1411,m,127,152,178,1.171052632,105.6,36.62,20.16,0.346780303,0.190909091,0.537689394,ob,199,137,97,1.452554745,,Leeds,rural,m,5/9/16,11:58,50,3.9,orange,NA,NA,NA,NA,NA,NA,NA,NA,NA,NA,0.7,0.3,F9,181.3815381,607.8416832,3.351177245,0.368192693,1.086670926,5.177068987,-21.94424911,27,14,347.4188791,15.21478298,99.68652038,bite marks,NA,0.683403893,0.406097987,0.277305906,0.6594,NA,NA,NA
1412,m,108,126,144,1.142857143,108.84,71.88,2.46,0.660418964,0.022601985,0.683020948,yb,199,191,171,1.041884817,,Leeds,rural,m,5/9/16,11:45,53,4.4,yellow,NA,NA,NA,NA,NA,NA,NA,NA,NA,NA,1.1,0.5,F11,178.0910327,608.7445881,3.418165299,0.36793959,1.086095519,4.48353787,-22.45009853,23,55,319.5427729,4.961581435,67.0846395,12 mites,NA,0.778313195,0.75476453,0.023548665,1.727,NA,NA,7.858
1413,m,170,184,193,1.048913043,100.38,66.96,1.99,0.667065152,0.019824666,0.686889819,ob,204,187,173,1.090909091,,Leeds,rural,m,5/9/16,12:36,50,3.7,orange,NA,NA,NA,NA,NA,NA,NA,NA,NA,NA,1,0.4,F12,207.8327053,701.3492677,3.374585663,0.368515929,1.085257005,6.062777279,-23.209371,35,57,329.8672566,4.785560808,85.89341693,bite marks; ~25 mites,NA,0.721320247,0.699693338,0.021626908,1.256,NA,NA,15.35
1414,m,159,168,167,0.994047619,102.97,54.76,17.83,0.53180538,0.17315723,0.70496261,ob,206,161,120,1.279503106,,Leeds,rural,m,5/9/16,10:30,51,4,NA,NA,NA,NA,NA,NA,NA,NA,NA,NA,NA,0.6,0.3,G1,154.5368746,520.721534,3.369561701,0.368162821,1.085926292,5.09521571,-22.62349144,12,51,337.0943953,2.717318436,24.13793103,regrown tail; bite marks; ~30 mites,NA,0.750195085,0.528639872,0.221555214,0.5652,NA,NA,45.073
1415,m,194,194,186,0.958762887,110.88,7.06,25.53,0.063672439,0.230248918,0.293921356,ob,217,184,163,1.179347826,,Leeds,rural,m,5/9/16,10:09,52,3.8,orange,NA,NA,NA,NA,NA,NA,NA,NA,NA,NA,0.7,0.3,NA,NA,NA,NA,NA,NA,NA,NA,NA,9,350.5162242,12.31044263,20.37617555,broken tail,NA,0.332590332,0.061046771,0.271543561,0.6594,NA,NA,9.974
1421,m,180,182,179,0.983516484,103.08,55.36,35.12,0.537058595,0.340706248,0.877764843,ob,213,191,174,1.115183246,,Leeds,rural,m,5/9/16,9:57,48,3.1,orange,NA,NA,NA,NA,NA,NA,NA,NA,NA,NA,0.4,0.2,,NA,NA,NA,NA,NA,NA,NA,7,36,346.3864307,4.697550494,15.36050157,regrown tail; ~12 mites,NA,0.908155881,0.528205981,0.3799499,0.2512,NA,NA,20.501
1422,m,156,171,171,1,97.4,58.94,5.56,0.60513347,0.057084189,0.662217659,ob,210,194,178,1.082474227,,Leeds,rural,m,5/9/16,10:32,49,3.7,orange,NA,NA,NA,NA,NA,NA,NA,NA,NA,NA,0.4,0.2,,NA,NA,NA,NA,NA,NA,NA,13,20,340.1917404,11.51834981,100.3134796,bite marks; ~15 mites,NA,0.666925633,0.60513347,0.061792163,0.2512,NA,NA,NA
1423,m,162,171,173,1.011695906,111.11,38.42,28.1,0.345783458,0.252902529,0.598685987,ob,204,149,111,1.369127517,,Leeds,rural,m,5/9/16,12:30,51,4.2,orange,NA,NA,NA,NA,NA,NA,NA,NA,NA,NA,1,0.4,NA,NA,NA,NA,NA,NA,NA,NA,NA,33,350.5162242,2.321272024,35.73667712,regrown tail,NA,0.69608352,0.349827709,0.346255812,1.256,NA,NA,20.817
1424,m,174,185,182,0.983783784,99.94,52.87,11.64,0.52901741,0.116469882,0.645487292,ob,211,186,164,1.134408602,,Leeds,rural,m,5/9/16,10:35,48,3.4,orange,NA,NA,NA,NA,NA,NA,NA,NA,NA,NA,0.4,0.3,,NA,NA,NA,NA,NA,NA,NA,15,46,337.0943953,11.73837559,66.45768025,bite marks on tail; ~15 mites,NA,0.652563185,0.520438749,0.132124436,0.3768,NA,NA,27.256
1425,m,195,200,203,1.015,92.31,21.81,6.22,0.236269093,0.067381649,0.303650742,ob,189,152,131,1.243421053,,Leeds,rural,m,5/9/16,11:25,47,3.6,orange,NA,NA,NA,NA,NA,NA,NA,NA,NA,NA,0.7,0.3,,NA,NA,NA,NA,NA,NA,NA,22,21,325.7374631,6.281736141,49.52978056,bite marks; ~20 mites,NA,0.32359689,0.239813129,0.083783761,0.6594,NA,NA,13.189
1430,m,168,181,179,0.988950276,108.38,70.48,5.58,0.650304484,0.051485514,0.701789998,yb,201,194,161,1.036082474,,Leeds,rural,m,5/9/16,10:20,50,3.3,yellow,NA,NA,NA,NA,NA,NA,NA,NA,NA,NA,1.1,0.4,,NA,NA,NA,NA,NA,NA,NA,10,59,349.4837758,8.305973356,18.18181818,regrown tail tip; 13 mites,NA,0.696462038,0.643118799,0.053343239,1.3816,NA,NA,26.687
1431,m,131,152,163,1.072368421,114.35,76.81,38.59,0.671709663,0.337472672,1.009182335,ob,179,158,134,1.132911392,,Leeds,rural,m,5/9/16,9:18,51,4.3,orange,NA,NA,NA,NA,NA,NA,NA,NA,NA,NA,0.6,0.4,NA,NA,NA,NA,NA,NA,NA,NA,NA,1,351.5486726,14.33467985,19.12225705,mangled 30 and 40 tail,NA,1.102646865,0.720320231,0.382326635,0.7536,NA,NA,12.42
1433,m,168,174,170,0.977011494,98.01,55.96,24.89,0.570962147,0.253953678,0.824915825,ob,200,174,156,1.149425287,,Leeds,rural,m,5/9/16,10:25,51,4,orange,NA,NA,NA,NA,NA,NA,NA,NA,NA,NA,0.7,0.3,,NA,NA,NA,NA,NA,NA,NA,11,29,338.1268437,13.0585303,25.07836991,,NA,0.849737359,0.55783658,0.291900779,0.6594,NA,NA,14.268
1434,m,122,151,175,1.158940397,97.64,55.15,5.73,0.564829988,0.058684965,0.623514953,ob,196,179,164,1.094972067,,BigHollow,rural,m,5/9/16,12:23,50,3.9,orange,NA,NA,NA,NA,NA,NA,NA,NA,NA,NA,0.7,0.3,,NA,NA,NA,NA,NA,NA,NA,16,21,320.5752212,35.45715514,67.89900812,regrown tail,NA,0.718862688,0.654604291,0.064258397,0.6594,NA,NA,48.089
1435,m,155,175,193,1.102857143,93.2,21.54,5.62,0.23111588,0.060300429,0.291416309,ob,194,183,181,1.06010929,,BigHollow,rural,m,5/9/16,12:07,49,3.5,orange,NA,NA,NA,NA,NA,NA,NA,NA,NA,NA,0.7,0.3,G3,161.6703173,550.7471599,3.406606538,0.36694759,1.085617473,1.765379921,-22.8689594,12,27,343.2890855,9.846153846,18.84580703,,NA,0.318812844,0.254887799,0.063925045,0.6594,NA,NA,40.385
1440,m,137,162,179,1.104938272,99.08,55.85,8.98,0.56368591,0.090633831,0.654319742,ob,218,219,205,0.99543379,,BigHollow,rural,m,5/9/16,12:51,50,4.1,yellow,NA,NA,NA,NA,NA,NA,NA,NA,NA,NA,0.8,0.4,H3,98.76597577,333.0020952,3.371627654,0.366993077,1.085801895,1.890016328,-22.64439833,18,22,351.5486726,16.79896863,18.48512173,huge bite mark on tail; weird bulges on 3000 and 5 toes,NA,0.713058113,0.622838135,0.090219978,1.0048,NA,NA,38.213
1441,m,152,169,182,1.076923077,100.07,43.23,22.67,0.431997602,0.226541421,0.658539023,ob,188,149,118,1.261744966,,BigHollow,rural,m,5/9/16,13:16,49,4,orange,NA,NA,NA,NA,NA,NA,NA,NA,NA,NA,0.8,0.3,,NA,NA,NA,NA,NA,NA,NA,23,41,347.4188791,2.145251397,15.96032462,regrown tail; face bite,NA,0.751065684,0.465228187,0.285837498,0.7536,NA,NA,11.012
1443,m,156,177,192,1.084745763,90.35,51.24,5.84,0.567127836,0.064637521,0.631765357,yb,199,197,178,1.010152284,,BigHollow,rural,m,5/9/16,11:40,48,3.5,yellow,NA,NA,NA,NA,NA,NA,NA,NA,NA,NA,0.9,0.3,G6,124.8267999,416.1770708,3.33403621,0.367055182,1.086140111,2.060187964,-22.37093046,7,46,349.4837758,5.797679416,34.35527502,bite mark,NA,0.680483257,0.615189517,0.065293739,0.8478,NA,NA,24.396
1444,m,183,189,194,1.026455026,106.32,7.11,13.43,0.066873589,0.12631678,0.193190369,ob,211,178,158,1.185393258,,BigHollow,rural,m,5/9/16,10:33,51,4,orange,NA,NA,NA,NA,NA,NA,NA,NA,NA,NA,0.6,0.4,G7,211.0905694,682.3635595,3.232562977,0.36705574,1.086719471,2.061718739,-21.91293562,4,28,327.8023599,11.12230339,22.45266005,bite marks on face,NA,0.218377791,0.068642732,0.149735059,0.7536,NA,NA,9.974
1445,m,114,150,184,1.226666667,117.38,72.42,1.63,0.616970523,0.013886522,0.630857045,yb,208,211,209,0.985781991,,BigHollow,rural,m,5/9/16,11:50,54,4.7,orange,NA,NA,NA,NA,NA,NA,NA,NA,NA,NA,0.7,0.3,G8,131.2272844,438.80078,3.343822758,0.367247275,1.086370931,2.586535588,-22.17640872,9,30,338.1268437,12.97051998,53.11091073,lots of blue and face bite; get it?,NA,0.770506258,0.756817175,0.013689083,0.6594,NA,NA,16.218
1450,m,145,165,174,1.054545455,101.11,19.9,8.59,0.19681535,0.084956978,0.281772327,yb,210,210,194,1,,BigHollow,rural,m,5/9/16,13:10,51,4,yellow,NA,NA,NA,NA,NA,NA,NA,NA,NA,NA,0.6,0.4,G5,168.799914,569.6245735,3.37455488,0.367206625,1.086563728,2.475151631,-22.0364855,22,28,328.8348083,12.17842716,60.32461677,old bite mark,NA,0.292507711,0.207550733,0.084956978,0.7536,NA,NA,18.708
1451,m,198,205,209,1.019512195,87.59,1.02,10.55,0.011645165,0.12044754,0.132092705,ob,208,188,177,1.106382979,,BigHollow,rural,m,5/9/16,10:52,46,2.9,orange,NA,NA,NA,NA,NA,NA,NA,NA,NA,NA,0.4,0.2,G10,162.7274325,542.0925921,3.331291988,0.367121522,1.086372983,2.241965271,-22.19247284,5,33,243.1415929,6.237730984,40.48692516,broken tail,NA,0.145133496,0.011872388,0.133261108,0.2512,NA,NA,22.571
1452,m,150,168,182,1.083333333,97.86,47.42,7.62,0.484569794,0.07786634,0.562436133,ob,202,182,169,1.10989011,,BigHollow,rural,m,5/9/16,11:56,50,4,orange,NA,NA,NA,NA,NA,NA,NA,NA,NA,NA,0.6,0.3,G11,111.4778892,382.2903588,3.429293123,0.367090725,1.086095081,2.157578193,-22.40200732,11,44,300.9587021,4.697550494,28.94499549,bite marks; regrowing tail,NA,0.611373691,0.52495061,0.086423081,0.5652,NA,NA,18.436
1453,f,0,0,0,NA,67.9,0,1.86,0,0.027393225,0.027393225,oo,214,195,190,1.097435897,,BigHollow,rural,f,5/9/16,11:02,42,2,orange,early,2,0.26,0.27,NA,NA,NA,NA,NA,NA,NA,NA,G12,85.20179749,284.8250998,3.342947076,0.367033304,1.085868986,2.000242362,-22.5684629,6,22,338.1268437,20.40739149,65.374211,tick on right side blotch,0.27,NA,NA,0.030062308,NA,0.53,0.265,52.51
1454,f,0,0,0,NA,87.72,0,14.81,0,0.168832649,0.168832649,oo,207,175,154,1.182857143,,BigHollow,rural,f,5/9/16,12:23,51,4.4,orange,late/gravid,5,0.98,0.75,0.57,0.64,0.75,NA,NA,NA,NA,NA,G2,197.8753262,695.2595754,3.513624406,0.367018396,1.086032254,1.959392832,-22.5303666,15,44,347.4188791,13.93863343,18.84580703,1 mite,0.98,NA,NA,0.199704905,NA,3.69,0.738,106.25
1455,f,0,0,0,NA,69.22,0,6.78,0,0.09794857,0.09794857,oo,209,188,177,1.111702128,,BigHollow,rural,f,5/9/16,10:13,42,2.1,orange,early,3,0.36,0.36,0.39,NA,NA,NA,NA,NA,NA,NA,H2,66.98867778,228.1471882,3.405757447,0.366848077,1.086506494,1.492711125,-21.99772256,3,10,324.7050147,NA,33.99458972,,0.36,NA,NA,0.108889634,NA,1.11,0.37,NA
1501,f,0,0,0,NA,82.86,0,7.3,0,0.08810041,0.08810041,oo,207,193,187,1.07253886,oy?,BigHollow,rural,f,5/9/16,12:51,45,2.9,orange,early/mid,4,0.45,0.42,0.34,0.34,NA,NA,NA,NA,NA,NA,H4,80.96542047,261.5258174,3.230092747,0.366939769,1.086104182,1.743951543,-22.3444828,19,22,317.4778761,51.2990116,31.83047791,,0.45,NA,NA,0.094491113,NA,1.55,0.3875,22.253
1502,f,0,0,0,NA,68.71,0,0.47,0,0.006840343,0.006840343,oo,198,184,175,1.076086957,,BigHollow,rural,f,5/9/16,13:03,45,2.7,orange,mid,3,0.54,0.54,0.67,NA,NA,NA,NA,NA,NA,NA,H9,94.9354627,319.2469288,3.362778457,0.366973227,1.112250507,1.835628554,NA,20,28,345.3539823,30.61658788,10.91073039,bite marks; regrowing tail tip,0.54,NA,NA,0.007360804,NA,1.75,0.583333333,60.358
1503,f,0,0,0,NA,86.9,0,12.02,0,0.138319908,0.138319908,oo,211,185,170,1.140540541,,BigHollow,rural,f,5/9/16,12:13,48,2.9,orange,early,2,0.44,0.43,NA,NA,NA,NA,NA,NA,NA,NA,H1,160.9326189,544.026367,3.380460535,0.36751204,1.086398868,3.312010152,-22.20941659,14,11,323.6725664,NA,20.28854824,broken tail; possibly just laid eggs,0.44,NA,NA,0.157759463,NA,0.87,0.435,NA
1504,f,0,0,0,NA,75.01,0,2.27,0,0.030262632,0.030262632,oo,220,197,177,1.116751269,,BigHollow,rural,f,5/9/16,10:00,46,2.9,orange,late,3,0.68,0.6,0.59,NA,NA,NA,NA,NA,NA,NA,H6,83.69637601,277.0680564,3.310394901,0.366868252,1.085406664,1.547990738,-22.96418377,2,26,327.8023599,36.07322733,27.14156898,bite marks,0.68,NA,NA,0.033795833,NA,1.87,0.623333333,49.024
1505,f,0,0,0,NA,79.84,0,17.53,0,0.219564128,0.219564128,oo,210,172,148,1.220930233,,BigHollow,rural,f,5/9/16,11:43,49,2.9,orange,mid,4,0.55,0.59,0.47,0.49,NA,NA,NA,NA,NA,NA,H8,53.15431763,173.9269431,3.272113176,0.367439325,1.086230066,3.112767371,-22.1801891,8,40,344.3215339,37.70141813,31.1091073,broken tail; big scar on right thigh,0.59,NA,NA,0.268072482,NA,2.1,0.525,38.675
1510,f,0,0,0,NA,79.59,0,10.33,0,0.129790175,0.129790175,oo,191,165,150,1.157575758,,BigHollow,rural,f,5/9/16,13:04,47,3.6,orange,late/gravid,4,0.92,0.87,0.6,0.64,NA,NA,NA,NA,NA,NA,G9,200.5293844,680.2177227,3.392109963,0.366792913,1.0860095,1.341558314,-22.53964173,21,45,296.8289086,9.274086807,53.83228133,bite marks; regrowing tail,0.92,NA,NA,0.15024196,NA,3.03,0.7575,92.637
1540,f,0,0,0,NA,65.31,0,7.74,0,0.118511713,0.118511713,oo,208,186,175,1.11827957,,BigHollow,rural,f,5/9/16,11:56,45,3.1,orange,late,3,0.55,0.7,0.85,NA,NA,NA,NA,NA,NA,NA,H7,82.82655062,270.6223827,3.267338561,0.366728134,1.085339177,1.164060963,-23.02468511,10,26,338.1268437,12.53046841,19.56717764,regrown tail; bite marks; natural loss 40 toe,0.7,NA,NA,0.132529227,NA,2.1,0.7,22.482
2022,f,0,0,0,NA,92.29,0,4.46,0,0.048325929,0.048325929,oo,199,186,166,1.069892473,,Browse,rural,f,5/2/16,11:38,52,4.6,orange,late/gravid,5,0.62,0.65,0.68,0.7,0.75,NA,NA,NA,NA,NA,,NA,NA,NA,NA,NA,NA,NA,9,36,343.2890855,12.31044263,21.9600726,bite marks; recapture (caught and bled again 5/11/2016),0.65,NA,NA,0.051703548,NA,3.4,0.68,23.263
2052,f,0,0,0,NA,86.12,0,11.66,0,0.135392476,0.135392476,oo,224,215,184,1.041860465,,Manowar,urban,f,5/5/16,12:55,51,4.1,yellow,mid,4,0.4,0.45,0.4,0.42,NA,NA,NA,NA,NA,NA,NA,NA,NA,NA,NA,NA,NA,NA,16,41,345.3539823,46.06239794,27.27272727,recapture; bite marks on tail,0.45,NA,NA,0.141060068,NA,1.67,0.4175,20.114
2153,f,0,0,0,NA,83.8,0,28.32,0,0.337947494,0.337947494,oo,211,164,141,1.286585366,,BigHollow,rural,f,5/9/16,12:37,51,3.9,orange,late,5,0.77,0.69,0.6,0.82,0.77,NA,NA,NA,NA,NA,G4,202.9511279,672.357919,3.312905555,0.366885979,1.086421834,1.596563829,-22.17550582,17,39,345.3539823,13.36656639,17.04238052,broken tail tip; recapture; bite marks on tail,0.77,NA,NA,0.4347983,NA,3.65,0.73,88.69
2253,f,0,0,0,NA,88.79,0,16.75,0,0.18864737,0.18864737,oo,211,198,183,1.065656566,,Leeds,rural,f,5/9/16,9:50,49,3.5,orange,gravid,4,0.92,0.77,0.78,0.84,NA,NA,NA,NA,NA,NA,,NA,NA,NA,NA,NA,NA,NA,5,28,352.5811209,12.57447357,55.48589342,regrowing tail; bite marks; recapture; 7 mites,0.92,NA,NA,0.201033308,NA,3.31,0.8275,38.675
2300,m,161,184,196,1.065217391,121.45,88.24,14.75,0.726554138,0.121449156,0.848003294,ob,205,187,169,1.096256684,,Leeds,rural,m,5/9/16,10:53,51,4.6,orange,NA,NA,NA,NA,NA,NA,NA,NA,NA,NA,1,0.5,,NA,NA,NA,NA,NA,NA,NA,16,50,257.5958702,5.973700043,62.38244514,bite marks; 4 mites; recapture,NA,0.907077552,0.773938103,0.133139449,1.57,NA,NA,36.119
2320,f,0,0,0,NA,82.82,0,9.45,0,0.114102874,0.114102874,oo,207,161,131,1.285714286,,Leeds,rural,f,5/9/16,11:20,49,3.4,orange,late,4,0.55,0.54,0.61,0.56,NA,NA,NA,NA,NA,NA,,NA,NA,NA,NA,NA,NA,NA,20,41,346.3864307,27.80025784,103.1347962,bite marks; recapture; 3 mites,0.55,NA,NA,0.146703695,NA,2.26,0.565,35.691
2353,f,0,0,0,NA,92.29,0,6.15,0,0.066637772,0.066637772,oo,219,204,191,1.073529412,,Leeds,rural,f,5/9/16,11:06,48,3.4,orange,early/mid,4,0.49,0.49,0.58,0.5,NA,NA,NA,NA,NA,NA,,NA,NA,NA,NA,NA,NA,NA,18,23,328.8348083,22.78366996,87.77429467,bite marks; regrowing tail; recapture; need to check real id #,0.49,NA,NA,0.071537608,NA,2.06,0.515,13.765
3522,m,116,142,151,1.063380282,111.2,66.23,3.72,0.595593525,0.033453237,0.629046763,ob,191,185,167,1.032432432,,Browse,rural,m,5/6/16,12:20,53,4.7,orange,NA,NA,NA,NA,NA,NA,NA,NA,NA,NA,0.8,0.2,C9,109.5625467,375.3557507,3.425949487,0.367341782,1.086030222,2.845490822,-22.45320496,31,NA,298.8938053,20.75943275,62.69592476,regrown tail; bite mark; natural toe loss on 3000,NA,0.667880617,0.633342411,0.034538207,0.5024,NA,NA,7.161
423(1/2/3/4),m,136,142,115,0.809859155,100.66,28.14,29.3,0.279554937,0.291078879,0.570633817,yb,179,177,131,1.011299435,,Manowar,urban,m,5/10/16,10:44,50,4.5,yellow,NA,NA,NA,NA,NA,NA,NA,NA,NA,NA,0.5,0.3,H12,166.3788906,531.8754809,3.196772613,0.369879177,1.089568179,9.798161904,-19.39695205,42,63,352.5811209,5.005586592,13.7962128,regrown tail; natural loss of 1;2;3;4 toes,NA,0.520768031,0.226400125,0.294367906,0.471,NA,NA,8.256
423(3/4),m,135,140,115,0.821428571,101.61,21.33,64.82,0.209920283,0.637929338,0.847849621,ob,158,138,97,1.144927536,,Manowar,urban,m,5/10/16,10:20,48,5.5,orange,NA,NA,NA,NA,NA,NA,NA,NA,NA,NA,0.5,0.3,H11,150.0136289,475.9970825,3.173025584,0.369809624,1.089723755,9.607640302,-19.273383,41,52,352.5811209,8.261968199,18.12443643,bite marks on chest; natural loss of 3 & 4 toes,NA,0.902817383,0.172434518,0.730382865,0.471,NA,NA,8.158
4235,m,96,93,78,0.838709677,115.85,58.21,28.97,0.502460078,0.250064739,0.752524817,ob,139,117,79,1.188034188,,Manowar,urban,m,5/10/16,10:47,49,4,orange,NA,NA,NA,NA,NA,NA,NA,NA,NA,NA,0.4,0.2,NA,NA,NA,NA,NA,NA,NA,NA,43,60,347.4188791,6.369746455,25.33814247,,NA,0.718503589,0.42141813,0.297085459,0.2512,NA,NA,6.444
4240,m,144,152,141,0.927631579,83.45,6.62,14.43,0.079328939,0.172917915,0.252246854,ob,177,143,104,1.237762238,,BigHollow,rural,f,5/11/16,10:39,47,3,orange,mid,4,0.42,0.43,0.4,0.4,NA,NA,NA,NA,NA,NA,,NA,NA,NA,NA,NA,NA,NA,24,45,316.4454277,58.86789858,80.52299369,,0.43,0.287619294,0.073588029,0.214031265,NA,1.65,0.4125,20.168
4241,m,95,113,114,1.008849558,93.86,41.87,27.88,0.446089921,0.297038142,0.743128063,ob,179,152,114,1.177631579,,BigHollow,rural,m,5/11/16,11:12,48,4,orange,NA,NA,NA,NA,NA,NA,NA,NA,NA,NA,NA,NA,,NA,NA,NA,NA,NA,NA,NA,25,49,342.2566372,13.10253545,53.47159603,,NA,0.799839116,0.45003762,0.349801496,NA,NA,NA,34.731
4242,f,0,0,0,NA,71.67,0,7.8,0,0.108832147,0.108832147,oo,152,126,95,1.206349206,,BigHollow,rural,f,5/11/16,11:30,40,2.75,orange,early,2,0.35,0.34,NA,NA,NA,NA,NA,NA,NA,NA,,NA,NA,NA,NA,NA,NA,NA,26,23,348.4513274,30.44056725,27.14156898,,0.35,NA,NA,0.131289574,NA,0.69,0.345,15.312
4243,f,0,0,0,NA,75.77,0,7.28,0,0.096080243,0.096080243,oo,185,162,134,1.141975309,,BigHollow,rural,f,5/11/16,11:35,41,2,orange,early,4,0.29,0.28,0.31,0.32,NA,NA,NA,NA,NA,NA,,NA,NA,NA,NA,NA,NA,NA,27,19,323.6725664,12.26643747,30.3877367,,0.29,NA,NA,0.109721265,NA,1.2,0.3,20.639
4301,f,0,0,0,NA,82.05,0,2.06,0,0.025106642,0.025106642,oo,153,147,135,1.040816327,,Browse,rural,f,5/11/16,11:51,45,3.2,orange,late,5,0.6,0.58,0.56,0.59,0.5,NA,NA,NA,NA,NA,,NA,NA,NA,NA,NA,NA,NA,38,34,313.3480826,54.73141384,52.02885482,regrowing tail/wound; tube initially labeled 4031,0.6,NA,NA,0.026131403,NA,2.83,0.566,28.433
4325,f,0,0,0,NA,68,0,6.06,0,0.089117647,0.089117647,oo,192,180,164,1.066666667,,BigHollow,rural,f,5/11/16,11:45,39,3,orange,early,4,0.31,0.3,0.28,0.27,NA,NA,NA,NA,NA,NA,,NA,NA,NA,NA,NA,NA,NA,28,26,336.0619469,27.18418565,21.73128945,,0.31,NA,NA,0.095058823,NA,1.16,0.29,18.97
4333,m,152,171,168,0.98245614,86,35.73,12.95,0.415465116,0.150581395,0.566046512,yb,186,186,159,1,,BigHollow,rural,m,5/11/16,12:12,42,5,yellow,NA,NA,NA,NA,NA,NA,NA,NA,NA,NA,NA,NA,,NA,NA,NA,NA,NA,NA,NA,29,31,311.2831858,15.96287065,34.71596032,,NA,0.558757649,0.408176254,0.150581395,NA,NA,NA,14.169
4452,m,139,146,131,0.897260274,97.23,25.79,22.88,0.265247352,0.235318317,0.500565669,ob,173,148,108,1.168918919,,Manowar,urban,m,5/6/16,10:26,53,3.5,yellow,NA,NA,NA,NA,NA,NA,NA,NA,NA,NA,0.5,0.3,D9,35.96962539,112.8834413,3.138299053,0.370412336,1.088272938,11.25911753,-20.36496773,23,NA,337.0943953,6.809798023,103.1347962,natural loss on 4002; bite marks,NA,0.513063944,0.237995912,0.275068033,0.471,NA,NA,54.344
4535,f,0,0,0,NA,83.58,0,14.08,0,0.168461354,0.168461354,oo,193,170,138,1.135294118,,Browse,rural,f,5/11/16,12:48,46,2.8,orange,late,4,0.86,0.92,0.62,0.68,NA,NA,NA,NA,NA,NA,,NA,NA,NA,NA,NA,NA,NA,41,17,331.9321534,19.26325741,24.97745717,bite marks/no mites,0.92,NA,NA,0.191253184,NA,3.08,0.77,NA
5252,m,189,197,204,1.035532995,100.92,63.48,12.69,0.62901308,0.125743163,0.754756243,ob,210,182,165,1.153846154,,Leeds,rural,m,5/9/16,11:20,50,3.7,orange,NA,NA,NA,NA,NA,NA,NA,NA,NA,NA,0.6,0.3,F10,172.9456562,558.2946745,3.228150893,0.36827325,1.086307894,5.397803758,-22.25353013,NA,34,333.9970501,16.3149119,40.12539185,natural loss on 200,NA,0.796452064,0.651363799,0.145088265,0.5652,NA,NA,11.375
5333,m,NA,NA,NA,NA,103.72,0,34.91,0,0.336579252,0.336579252,yy,219,221,201,0.990950226,,Manowar,urban,m,5/5/16,11:37,52,4.5,yellow,NA,NA,NA,NA,NA,NA,NA,NA,NA,NA,0.7,0.3,B4,181.4358749,598.3919368,3.298090508,0.368665189,1.087782528,6.471814038,-20.96173287,3,69,353.6135693,5.269617533,26.95924765,broken tail; natural toe loss 5000,NA,NA,NA,0.333533286,0.6594,NA,NA,8.062
NA,f,NA,NA,NA,NA,NA,NA,NA,NA,NA,NA,,NA,NA,NA,NA,,Bluff,urban,f,5/5/16,10:01,46,3.5,orange,mid/late,5,0.5,0.5,0.4,0.6,0.6,NA,NA,NA,NA,NA,B1,182.5932582,628.2349549,3.440625142,0.370326295,1.086323978,11.02357467,-22.28173888,24,NA,NA,NA,NA,dead (killed on capture); RBCs might be labeled 25,0.6,NA,NA,NA,NA,2.6,0.52,NA